,,imdb_id,title,year
Fast and Furious,0,tt1013752,Fast & Furious,2009
Fast and Furious,1,tt1905041,Fast & Furious 6,2013
Fast and Furious,2,tt2820852,Furious 7,2015
Fast and Furious,3,tt0232500,The Fast and the Furious,2001
Fast and Furious,4,tt1596343,Fast Five,2011
Fast and Furious,5,tt0322259,2 Fast 2 Furious,2003
Fast and Furious,6,tt0463985,The Fast and the Furious: Tokyo Drift,2006
Fast and Furious,7,tt4630562,The Fate of the Furious,2017
Fast and Furious,16,tt1538503,Los Bandoleros,2009
Fast and Furious,18,tt3757982,Fast & Furious: Supercharged,2015
Fast and Furious,19,tt0878117,Fast and the Furious: Tokyo Drift - The Japanese Way,2006
Fast and Furious,20,tt0843849,Fast and the Furious: Tokyo Drift Peek Performance,2006
Fast and Furious,21,tt1913023,Fast & Furious Five Special,2011
Fast and Furious,22,tt0454613,"Jackie Chan: Fast, Funny and Furious",2002
Fast and Furious,23,tt1008725,Tasmanian Devil: The Fast and Furious Life of Errol Flynn,2007
Fast and Furious,24,tt0456345,Christine: Fast and Furious,2004
Fast and Furious,25,tt4106374,Fast and Furious 6: The Game,2013
Fast and Furious,26,tt5933142,Fast and Furious: Fast Cars!,2015
Fast and Furious,27,tt2936266,Fast & Furious 6 Special,2013
Fast and Furious,28,tt3401738,Fast & Furious 6: Take Control,2013
Fast and Furious,29,tt6494060,Fast & Furious 8,2014
Fast and Furious,30,tt4608578,Fast & Furious Flow,2015
Fast and Furious,31,tt2353948,The Fast and the Furious,2006
Fast and Furious,32,tt0781022,The Fast and the Furious: Editing for the MPAA,2002
Fast and Furious,33,tt0781023,The Fast and the Furious: Visual Effects Montage,2002
Fast and Furious,34,tt3402104,The Making of Fast & Furious 6,2013
Fast and Furious,35,tt0231071,AIP: Fast and Furious,1985
Fast and Furious,36,tt2608150,Fast and Furious: A NASCAR Wedding,2011
Fast and Furious,37,tt5933234,Fast and Furious: Back Under the Hood,2015
Fast and Furious,38,tt5932982,Fast and Furious: Cast Favorites,2015
Fast and Furious,39,tt5933302,Fast and Furious: Mapping Fast & Furious,2015
Fast and Furious,40,tt5932974,Fast and Furious: Restrospective,2015
Fast and Furious,41,tt5852138,Fast and Furious: Super Cars,2011
Fast and Furious,44,tt5527608,Fast & Furious: Driving School with Vin Diesel,2009
Fast and Furious,45,tt5527604,Fast & Furious: Getting the Gang Back Together,2009
Fast and Furious,46,tt5527618,Fast & Furious: Races and Chases,2009
Fast and Furious,47,tt5527616,Fast & Furious: Shooting the Big Rig Heist,2009
Fast and Furious,48,tt1814003,Foxpro Fast & Furious,2010
Fast and Furious,49,tt4830544,Furious and Fast,2015
Fast and Furious,50,tt5527622,High Octane Action: The Stunts of 'Fast & Furious',2009
Fast and Furious,51,tt5273700,Making of Fast & Furious Supercharged Ride,2015
Fast and Furious,52,tt5267212,The Fast and the Furious: Dom's Charger,2009
Fast and Furious,53,tt5267236,The Fast and the Furious: Quarter Mile at a Time,2009
Fast and Furious,54,tt5267190,The Fast and the Furious: Tricking Out a Hot Import Car,2003
Fast and Furious,55,tt5598506,The Making of 'Fast and Furious 7',2015
Fast and Furious,56,tt5267184,The Making of 'The Fast and the Furious',2002
Fast and Furious,58,tt0396871,Slick II: Trained and Drained,2002
Fast and Furious,59,tt4319370,This Ain't Fast & Furious XXX,2014
Saw,0,tt0387564,Saw,2004
Saw,1,tt0432348,Saw II,2005
Saw,2,tt0489270,Saw III,2006
Saw,3,tt1588170,I Saw the Devil,2010
Saw,5,tt0890870,Saw IV,2007
Saw,6,tt1132626,Saw V,2008
Saw,7,tt1233227,Saw VI,2009
Saw,8,tt1477076,Saw 3D: The Final Chapter,2010
Saw,9,tt2301155,Shootout at Wadala,2013
Saw,10,tt0495241,Saw,2003
Saw,11,tt1144553,Saw,2009
Saw,13,tt1347521,I Saw the Sun,2009
Saw,14,tt2369543,When I Saw You,2012
Saw,15,tt1913273,Anohana: The Flower We Saw That Day,2011
Saw,16,tt1843840,The Last Time I Saw Macao,2012
Saw,17,tt2385882,Vic + Flo Saw a Bear,2013
Saw,18,tt1753792,The Day I Saw Your Heart,2011
Saw,19,tt1490785,I Saw the Light,2015
Saw,22,tt0258465,The Boy Who Saw the Iceberg,2000
Saw,23,tt5558496,"Veni, Vidi, Fugi: I came, I saw, I fled",2016
Saw,25,tt0083156,Bloody Moon,1981
Saw,26,tt2323836,Anohana: The Flower We Saw That Day - The Movie,2013
Saw,27,tt0282589,I Saw Mommy Kissing Santa Claus,2002
Saw,28,tt0095344,I Saw What You Did,1988
Saw,29,tt2567770,The Last Time I Saw Richard,2014
Saw,30,tt0081109,The Man Who Saw Tomorrow,1981
Saw,31,tt6221936,Last Time When You Saw Sahar?,2016
Saw,32,tt0262240,As I Was Moving Ahead Occasionally I Saw Brief Glimpses of Beauty,2000
Saw,34,tt0282590,I Saw You,2000
Saw,35,tt0784145,The Boy Who Saw the Wind,2000
Saw,36,tt0286214,Texas Chain Saw Massacre: The Shocking Truth,2000
Saw,37,tt3265064,A Lady Caddy Who Never Saw a Hole in One,2013
Saw,39,tt1579236,I Know What I Saw,2009
Saw,40,tt1455046,I Saw Patrick Last Night,2009
Saw,41,tt0247417,I Saw You,2000
Saw,42,tt0444200,I Saw Ben Barka Get Killed,2005
Saw,43,tt2360719,Saw Dogs,2012
Saw,44,tt0818519,Saw Rebirth,2005
Saw,46,tt5138974,The Man Who Saw Too Much,2015
Saw,47,tt0105270,The Rodney King Case: What the Jury Saw in California v. Powell,1992
Saw,48,tt0100915,What the Moon Saw,1990
Saw,49,tt4061848,Alpha and Omega 4: The Legend of the Saw Toothed Cave,2014
Saw,51,tt1497614,Who Saw Him,2009
Saw,52,tt0449558,"Aida, I Saw Your Father Last Night",2005
Saw,53,tt0077692,L'homme en colère,1979
Saw,54,tt2424708,"See, Saw",2012
Saw,55,tt3687496,The Creation as We Saw It,2012
Saw,56,tt0462318,The Great Conspiracy: The 9/11 News Special You Never Saw,2005
Saw,58,tt5460820,The Man Who Saw Snow in Summer,2015
Saw,59,tt0500145,The Real World You Never Saw: Hawaii,1999
Saw,60,tt5841012,The Saw,2017
Saw,61,tt4076126,One Day I Saw 10.000 Elephants,2015
Saw,62,tt0111550,And Saw What Should Be Done,1994
Saw,63,tt3257266,I Saw Mice Burying a Cat,2011
Saw,65,tt0459168,Cycling Chronicles: Landscapes the Boy Saw,2004
Saw,66,tt4990696,Anohana: The Flower We Saw That Day,2015
Saw,67,tt0423832,Arthur C. Clarke: The Man Who Saw the Future,1997
Saw,68,tt0447610,Buzz Saw,2005
Saw,69,tt0186988,Elvis Is Alive! I Swear I Saw Him Eating Ding Dongs Outside the Piggly Wiggly's,1998
Saw,70,tt0839818,Flesh Wounds: Seven Stories of the Saw,2006
Saw,72,tt1016315,Post Mortem,2007
Saw,74,tt0084223,Ten Days That Shook the World,1983
Saw,75,tt1677012,Saw II: Flesh & Blood,2010
Saw,76,tt1521849,Split Second Murders,2009
Saw,78,tt1634072,The Last Time I Saw Michael Gregg,2011
Saw,79,tt1699236,The Man Who Saw Frankenstein Cry,2010
Saw,80,tt0180954,The Real World You Never Saw,1997
Saw,81,tt0202547,The Real World You Never Saw: Boston + Seattle,1998
Saw,82,tt0362075,The Real World You Never Saw: Las Vegas,2003
Saw,83,tt0371174,The Saw Is Family: Making 'Leatherface',2003
Saw,85,tt0185783,You Saw Me Up There,1998
Saw,86,tt3865938,A Ultima coisa que vi,2014
Saw,87,tt5657112,Eero Saarinen: The Architect Who Saw the Future,2016
Saw,88,tt2508618,Entrei em Pânico ao Saber o que Vocês Fizeram na Sexta-feira 13 do Verão Passado Parte 2 - A Hora da Volta da Vingança dos Jogos Mortais de Halloween,2011
Saw,89,tt4597494,Goldentusk's Saw Theme Song,2014
Saw,90,tt2973890,I Saw,2013
Saw,91,tt0815453,Hacking Away at 'Saw',2005
Saw,92,tt0119319,Hostile Takeover,1997
Saw,95,tt1815749,I Saw Mommy,2010
Saw,96,tt1631340,I Saw U,2010
Saw,97,tt0316990,I Saw You,2002
Saw,98,tt2302649,I Think I Just Saw the Devil,2012
Saw,99,tt1383244,I Swear I Saw the Periquita,2007
Saw,102,tt0206107,Ma Sheraiti B'Hebron,2001
Saw,103,tt1891869,Mr. Shaw and His Saw,2011
Saw,104,tt4946510,The Country I Saw,1987
Saw,105,tt0307246,Nuga yongui baltobeul boatneunga,1991
Saw,106,tt2543808,Revenge Aka Saw XVI,2011
Saw,107,tt1776975,Saw: A Hardcore Parody,2010
Saw,108,tt6093012,SAW: Heritage,2016
Saw,109,tt2243513,SAW Mini Movie,2009
Saw,110,tt2211648,Saw Misgivings,2012
Saw,111,tt0872218,Saw Spoofed,2006
Saw,112,tt1754461,Saw VI: Jigsaw Revealed,2010
Saw,113,tt0329923,See It Saw It,1999
Saw,114,tt1083476,See Saw,2011
Saw,117,tt1708500,See-Saw Sweethearts,2009
Saw,118,tt0111189,Silent Witness: What a Child Saw,1994
Saw,119,tt0756289,The Boy Who Saw Christ,2003
Saw,123,tt6065936,The First Time I Saw Francis Taylor He Was in Slow Motion,2016
Saw,124,tt0381227,The Greatest Show You Never Saw,1996
Saw,125,tt1970046,The Last Time I Saw Soap,2010
Saw,126,tt1564940,The Last Time I Saw You,2009
Saw,127,tt0415230,The Real World You Never Saw: Chicago,2002
Saw,128,tt0424381,The Real World You Never Saw: New Orleans,2000
Saw,130,tt4390094,The Texas Chain Saw Massacre: Off the Hook with Teri McMinn,2014
Saw,131,tt2413540,Two People He Never Saw,2012
Saw,132,tt1370316,We Saw Such Things,2008
Saw,133,tt1385683,What Cassandra Saw,2008
Saw,135,tt0307117,William Saroyan: I Saw the Mighty Armenia,1977
Saw,137,tt5955254,African Scramble,2017
Saw,138,tt4154134,After I Saw You,2014
Saw,139,tt1367148,Aisling: We Saw a Vision,2008
Saw,140,tt5996336,Almost Saw the Sunshine,2016
Saw,141,tt3159680,A Man I Saw Last Night,2012
Saw,142,tt4410818,...and I Saw Her,2015
Saw,143,tt5139964,And Then She Saw Them Dance,2015
Saw,145,tt6304960,Behind the Scenes of Saw Heritage,2016
Saw,146,tt2007933,"What We Saw: Gaza, the Children of Samuni Family",2011
Saw,147,tt3474744,Bug Saw,2011
Saw,149,tt2503950,Dwight Yoakam: Saw You Comin',2012
Saw,152,tt5626834,Everything That We Saw,2016
Saw,156,tt5919012,God Saw I Was Dog,2016
Saw,159,tt2308737,Home Video Commentaries: Not Where You Saw,2011
Saw,164,tt0235469,How They Saw Us: Needles and Pins,1977
Saw,165,tt3466786,I First Saw the Light,2012
Saw,166,tt3279028,I Saw,2017
Saw,167,tt6446814,I Saw a Beast,2007
Saw,168,tt3747184,I Saw a Demon,2012
Saw,169,tt1727302,I Saw a Girl on Vasquez Road,2008
Saw,170,tt1540425,I Saw a Movie,2009
Saw,171,tt2275190,I Saw Giraffes in India,2010
Saw,172,tt4036370,I Saw Her First!,2007
Saw,174,tt1922622,I Saw It,2011
Saw,175,tt3300568,I Saw It! It's Alive! It's Huge!,2008
Saw,176,tt0439619,I Saw I Was I,2002
Saw,177,tt0804495,I Saw Mommy Killing Santa Claus,1994
Saw,178,tt5169606,I Saw Mommy Kissing Santa Claus,2015
Saw,179,tt6341392,I Saw the Beast,2016
Saw,180,tt2233366,I Saw the Children Gather: 50 Years of Summer at Harand Camp,2012
Saw,181,tt4128198,I Saw the Dead,2014
Saw,183,tt6234144,I Saw the Devil,2016
Saw,184,tt1673397,I Saw the Executioner,2009
Saw,185,tt2458480,I Saw the Pain,2012
Saw,186,tt6879506,I Saw the Sign,2017
Saw,187,tt1358435,I Saw the World Today,2007
Saw,189,tt1848942,I Saw You,2009
Saw,190,tt1624946,I Saw You,2010
Saw,191,tt3124942,I Saw You,2013
Saw,192,tt5527694,I Saw You,2016
Saw,193,tt6799382,I Saw You,2017
Saw,194,tt1722570,I Saw Your Sister Yesterday,2010
Saw,195,tt1306982,JLB: The Man Who Saw the Future,2002
Saw,196,tt2147367,What Children Saw in Gaza,2009
Saw,197,tt5969992,"Light Lick: I Saw the Light, Praise the Dark",2000
Saw,198,tt2547936,Lucille in Love: I Saw You,2012
Saw,200,tt1387223,Memorize-You-Saw-It,2008
Saw,201,tt4246156,My Mother Met Someone Who Saw the Ocean,2014
Saw,202,tt1396988,Never Saw It,2008
Saw,203,tt5253200,Never Saw It Coming,2015
Saw,204,tt6858948,Never Saw It Coming,2017
Saw,205,tt0434239,The Man Who Saw Too Much,2000
Saw,206,tt6598850,"Occasionally, I Saw Glimpses of Hawai'i",2016
Saw,207,tt1825915,Paranormal Saw,2010
Saw,211,tt3967254,Saw 34,2014
Saw,212,tt1926320,Saw Date,2011
Saw,213,tt1355126,Saw for Hire,2009
Saw,214,tt4522936,Saw Gallery,2013
Saw,215,tt2336443,Saw Horse,2012
Saw,216,tt4113010,Saw in 60 Seconds,2013
Saw,217,tt2072221,Saw It Already,2010
Saw,218,tt2582064,Saw - La mécanique de l'extrême,2012
Saw,219,tt3348730,Saw: Legacy,2017
Saw,220,tt1664846,Saw Loser,2010
Saw,221,tt2815232,Saw Parody,2011
Saw,222,tt2330115,Saw Spoof Series,2011
Saw,223,tt1526642,"Saw V, Behind the Scenes: Slicing the Cube - Editing the Cube Trap",2008
Saw,224,tt1534850,"Saw V, Behind the Scenes: The Coffin Trap",2008
Saw,225,tt1463451,"Saw V, Behind the Scenes: The Cube Trap",2008
Saw,226,tt1461695,"Saw V, Behind the Scenes: The Pendulum Trap",2008
Saw,227,tt1754462,Saw VI: The Traps of SAW VI,2010
Saw,228,tt5132442,Saw vs. Saw,2015
Saw,231,tt1362119,See Saw,2009
Saw,232,tt1557740,See Saw,2009
Saw,233,tt2352046,See/Saw,2010
Saw,234,tt3317636,See Saw,2013
Saw,235,tt6233800,See Saw with You,2014
Saw,238,tt5330256,She-Saw,2016
Saw,239,tt0308881,I Saw the Wild Ginseng,1979
Saw,240,tt6636952,Son of the Saw,2017
Saw,241,tt6550710,Teen Saw,2014
Saw,243,tt0111389,Tell Me What You Saw,1994
Saw,247,tt4123840,The Beauty That I Saw,2014
Saw,248,tt3566168,The Business of Chain Saw,2008
Saw,249,tt5523956,The Child and the Saw,1985
Saw,250,tt0259936,The Comet and What Alyssa Thought She Saw,1992
Saw,251,tt2335090,The Con-Saw-Tina Effect,2009
Saw,252,tt3184280,The Craziest Thing You Ever Saw,1977
Saw,253,tt2983790,The Kid Who Saw Too Much,2012
Saw,254,tt4520844,The Last Time I Saw Him,2015
Saw,255,tt1239305,The Last Time I Saw You,2008
Saw,256,tt3019610,The Man Who Saw a Boat,2013
Saw,257,tt0199746,The Man Who Saw the Man Who Crossed the Planet,1999
Saw,258,tt3022758,The Man Who Saw the Man Who Saw the Film,2013
Saw,260,tt6248822,The Man Who Saw Too Little,2016
Saw,261,tt0387470,The One Time Tom Saw Bill on the Street,2003
Saw,262,tt0424380,The Real World You Never Saw: Back to New York,2001
Saw,263,tt0417081,The Real World You Never Saw: Paris,2003
Saw,264,tt1545505,"The Reflections of Phineas T Horn Upon Gazing Into the Looking Glass, and What He Saw There",2009
Saw,265,tt3385016,The Saw Lady,2013
Saw,269,tt6029198,The Texas Chain Saw Massacre: 40th Anniversary,2014
Saw,270,tt4393026,The Texas Chain Saw Massacre: A Tour of the TCM House with Gunnar Hansen,2006
Saw,271,tt4397302,The Texas Chain Saw Massacre: Cutting Chain Saw - Interview with Editor J. Larry Carroll,2014
Saw,272,tt4390058,Granpaw's Tales,2014
Saw,273,tt2197324,The Way I Saw It,2012
Saw,274,tt1961609,The Way I Saw You,2011
Saw,275,tt4696726,The woman who saw the bear,2016
Saw,276,tt3924482,They Never Saw Us Coming,2008
Saw,278,tt0810048,Things My Fore Sisters Saw,2006
Saw,279,tt2134184,Today We Saw the Face of God,2011
Saw,280,tt2106667,Twist & Shout: The Saw Story,2011
Saw,281,tt4538928,"Veni Vidi Nescio: I Came, I Saw, I Don't Know",2015
Saw,282,tt4772450,Vienna D'Amato Hall: It's What the Dog Saw,2015
Saw,283,tt3567508,We Saw Zebras,2009
Saw,284,tt2465374,What Candice Saw,2006
Saw,285,tt0498602,Whatever She Saw,2005
Saw,288,tt3783224,What He Saw,2013
Saw,289,tt6772718,What He Saw,2017
Saw,290,tt6729212,What Jamal Saw,2017
Saw,292,tt0318827,What Miro Saw,2002
Saw,293,tt3245882,What Sophie Saw,2013
Saw,298,tt3089610,What the Monkey Saw,2011
Saw,303,tt6231568,What Valentina Saw,2016
Saw,304,tt4460308,What We Saw,2016
Saw,306,tt6023356,When I Saw Happiness,2017
Saw,307,tt2853250,When I Saw You,2013
Saw,309,tt4043792,White or What Laura Saw,2011
Saw,311,tt1432302,"Yesterday, I Saw My Head Laughing",2005
Saw,313,tt3582612,You Saw Them Here First,2013
Saw,314,tt0202816,The Biggest One I Ever Saw!,1984
Saw,316,tt6414664,"Haha ga kore hodo yokkyu fumandatta to wa..., jii koi o mi rarete mo hazukashi garu tokoro ka musuko no boku ni yokujo shi, omocha no yo ni boku no ue de koshi o furu Ike nai haha",2016
Saw,317,tt6427456,"Hisashiburi ni atta joshi kosei no mei-kko ga yatara to pantsu o misete kuru (* ro) ha~tsu! ! 'E~tsu! ? Joshi koseinanoni himo pan!?' Yarashi me de mite iruto mei-kko wa sarani pantsu o misetsuke boku o kofun sa se, shimai ni wa pantsu no himo ni te o kake...",2016
Saw,318,tt6850850,Hunta-297,2017
Saw,319,tt6174214,I Saw It in Your Eyes,2004
Saw,320,tt6369202,"Konshinsokan nyuhafu no musuko no dekachin o mita. Chichi, haha, ane wa",2016
Saw,321,tt6773300,Musuko no chi_po ga musei suru shunkan o mita haha wa mo gamandekinai,2013
Saw,322,tt6383630,Shatsu kara tobidasu hodo no muchimuchi kyonyu de bokki o sasoi iyara shiku kan'yu shite kuru paizuriserusuredi,2015
Friday the 13th,0,tt0080761,Friday the 13th,1980
Friday the 13th,1,tt0758746,Friday the 13th,2009
Friday the 13th,2,tt0329101,Freddy vs. Jason,2003
Friday the 13th,3,tt0082418,Friday the 13th Part 2,1981
Friday the 13th,4,tt0083972,Friday the 13th Part III,1982
Friday the 13th,5,tt0087298,Friday the 13th: The Final Chapter,1984
Friday the 13th,6,tt0211443,Jason X,2001
Friday the 13th,7,tt0092357,Friday the 13th: The Series,1987
Friday the 13th,8,tt0295269,Friday the 13th,1989
Friday the 13th,16,tt3962274,Friday the 13th,2013
Friday the 13th,17,tt0081645,Touch and Go,1980
Friday the 13th,20,tt0095179,Friday the 13th Part VII: The New Blood,1988
Friday the 13th,21,tt0091080,Jason Lives: Friday the 13th Part VI,1986
Friday the 13th,22,tt0089173,Friday the 13th: A New Beginning,1985
Friday the 13th,23,tt0097388,Friday the 13th Part VIII: Jason Takes Manhattan,1989
Friday the 13th,24,tt0107254,Jason Goes to Hell: The Final Friday,1993
Friday the 13th,25,tt0212235,Shriek If You Know What I Did Last Friday the Thirteenth,2000
Friday the 13th,26,tt1282052,His Name Was Jason: 30 Years of Friday the 13th,2009
Friday the 13th,27,tt2396421,Crystal Lake Memories: The Complete History of Friday the 13th,2013
Friday the 13th,28,tt0345857,Return to Crystal Lake: Making 'Friday the 13th',2003
Friday the 13th,29,tt0079677,The Orphan,1979
Friday the 13th,30,tt1431690,Brookside: Friday the 13th,1998
Friday the 13th,31,tt2620500,Friday the 13th Part X: To Hell and Back,1995
Friday the 13th,32,tt3234036,Friday the 13th: The Curse of Jason,2014
Friday the 13th,33,tt4727692,Friday the 13th: The Game,2017
Friday the 13th,34,tt0478413,Legends A Friday The 13th Tale,2004
Friday the 13th,35,tt0841088,The Cold Heart of Crystal Lake,2003
Friday the 13th,36,tt1414433,A Friday the 13th Reunion,2009
Friday the 13th,37,tt2563494,An Unfortunate Friday the 13th,2009
Friday the 13th,38,tt2571550,An Unfortunate Friday the 13th Part 2,2011
Friday the 13th,39,tt2571724,An Unfortunate Friday the 13th Part 3,2012
Friday the 13th,40,tt2573144,An Unfortunate Friday the 13th Part 4,2012
Friday the 13th,41,tt2756880,Entrei em Pânico ao Saber o que Vocês Fizeram na Sexta-feira 13 do Verão Passado,2001
Friday the 13th,42,tt2508618,Entrei em Pânico ao Saber o que Vocês Fizeram na Sexta-feira 13 do Verão Passado Parte 2 - A Hora da Volta da Vingança dos Jogos Mortais de Halloween,2011
Friday the 13th,43,tt1414488,Fresh Cuts: New Tales from Friday the 13th,2009
Friday the 13th,44,tt3905202,Friday the 13th: A Film by John C. Gritton,2014
Friday the 13th,45,tt3908312,Friday the 13th: A New Wake,2013
Friday the 13th,46,tt1379251,Friday the 13th Chronicles,2004
Friday the 13th,47,tt2131519,Friday the 13th: No Man's Land,2010
Friday the 13th,48,tt2054763,Friday the 13th: Return of Jason,2011
Friday the 13th,49,tt1910000,Friday the 13th: The Obsession,2011
Friday the 13th,50,tt2077774,Jason Lives: The Making of Friday the 13th: Part VI,2009
Friday the 13th,51,tt2078650,Jason's Destroyer: The Making of Friday the 13th Part VII - The New Blood,2009
Friday the 13th,52,tt2077775,Jason's Unlucky Day: 25 Years After Friday the 13th - The Final Chapter,2009
Friday the 13th,53,tt0814206,Maroon 5: Friday the 13th - Live at the Santa Barbara Bowl,2005
Friday the 13th,54,tt2077806,New Beginnings: The Making of Friday the 13th Part V - A New Beginning,2009
Friday the 13th,55,tt2077807,New York Has a New Problem: The Making of Friday the 13th Part VIII - Jason Takes Manhattan,2009
Friday the 13th,56,tt1340698,The 13th of Friday,2008
Friday the 13th,58,tt3311870,V pyatnitsu 13. Chast 2,2012
Friday the 13th,59,tt5574366,An Unfortunate Friday the 13th Part V,2016
Friday the 13th,60,tt5939538,An Unfortunate Friday the 13th Part VI,2016
Friday the 13th,61,tt3659484,"Bloody Friday, the 13th",2014
Friday the 13th,62,tt3481660,Friday the 13th: A Day for Terror,1988
Friday the 13th,63,tt3459134,Friday the 13th: Bodycount Continues,1986
Friday the 13th,64,tt6492098,Friday the 13th: Fan Film,2016
Friday the 13th,65,tt4621430,Friday the 13th: Halloween Night,1994
Friday the 13th,66,tt5588844,Friday the 13th: Jason Conquers Germany,2005
Friday the 13th,67,tt4680418,Friday the 13th: Jason's Day Off,2006
Friday the 13th,68,tt3756302,Friday the 13th Part 3: The Memoriam Documentary,2017
Friday the 13th,69,tt6885926,Friday the 13th Part Viii: Jason Takes Manhattan - Gag Reel,2009
Friday the 13th,70,tt0882770,Friday the 13th: The Devil in Dover,2002
Friday the 13th,71,tt3188514,Friday the 13th: The Phantom of Crystal Lake,2013
Friday the 13th,72,tt4839318,Friday the 13th: The Revenge,2014
Friday the 13th,73,tt4147448,Friday the 13th: The Storm,2009
Friday the 13th,74,tt6465436,Friday the 13th-thon,2016
Friday the 13th,75,tt3890310,Friday the 13th: Wanted Legend,2015
Friday the 13th,76,tt5068456,Jason's Fall,2014
Friday the 13th,77,tt4143840,Nightmare at Sleepaway Camp on Friday the 13th Part XII,2012
Friday the 13th,78,tt5205030,Tales from the Horror Playground: Part 1 - 'Friday the 13th Part VIII',2015
Friday the 13th,79,tt5205000,Tales from the Horror Playground: Part 3 - 'Friday the 13th Part 2',2015
Friday the 13th,80,tt5994894,The 13th Friday,2017
Friday the 13th,81,tt2753084,The Rent's Due Friday the 13th,2012
Friday the 13th,82,tt0137614,Friday the 13th: A Nude Beginning,1987
Friday the 13th,83,tt1748142,Official Friday the 13th Parody,2010
Friday the 13th,84,tt0182129,Friday the 13th: Part 2 - The Next Generation,1989
Friday the 13th,85,tt0290906,Viernes 13: XXL,2001
Friday the 13th,86,tt0240308,"The 13th, It Was on a Friday",1989
Star Trek,0,tt0796366,Star Trek,2009
Star Trek,2,tt0092455,Star Trek: The Next Generation,1987
Star Trek,3,tt0112178,Star Trek: Voyager,1995
Star Trek,4,tt0106145,Star Trek: Deep Space Nine,1993
Star Trek,5,tt1408101,Star Trek Into Darkness,2013
Star Trek,6,tt2660888,Star Trek Beyond,2016
Star Trek,7,tt0117731,Star Trek: First Contact,1996
Star Trek,8,tt0084726,Star Trek II: The Wrath of Khan,1982
Star Trek,9,tt0092007,Star Trek IV: The Voyage Home,1986
Star Trek,10,tt0244365,Star Trek: Enterprise,2001
Star Trek,11,tt0079945,Star Trek: The Motion Picture,1979
Star Trek,12,tt0102975,Star Trek VI: The Undiscovered Country,1991
Star Trek,13,tt0111280,Star Trek: Generations,1994
Star Trek,14,tt0088170,Star Trek III: The Search for Spock,1984
Star Trek,15,tt0120844,Star Trek: Insurrection,1998
Star Trek,16,tt0253754,Star Trek: Nemesis,2002
Star Trek,17,tt0098382,Star Trek V: The Final Frontier,1989
Star Trek,18,tt2191526,Star Trek,2013
Star Trek,19,tt0475733,Star Trek,1983
Star Trek,20,tt0152592,Star Trek,1991
Star Trek,21,tt0304745,Star Trek: Strategic Operations Simulator,1982
Star Trek,25,tt5171438,Star Trek: Discovery,2017
Star Trek,26,tt3572740,Prelude to Axanar,2014
Star Trek,27,tt2732442,Star Trek Continues,2013
Star Trek,28,tt0458122,Star Trek New Voyages: Phase II,2004
Star Trek,30,tt0814142,How William Shatner Changed the World,2005
Star Trek,31,tt3854562,Star Trek: Horizon,2016
Star Trek,32,tt2621446,Star Trek: Renegades,2015
Star Trek,33,tt2880448,Chaos on the Bridge,2014
Star Trek,34,tt0120198,Star Trek the Experience: The Klingon Encounter,1998
Star Trek,35,tt0835378,Star Trek: Of Gods and Men,2007
Star Trek,36,tt0203946,Star Trek Voyager: Elite Force,2000
Star Trek,37,tt0143901,Star Trek: Generations,1997
Star Trek,38,tt0124141,Star Trek: Klingon,1996
Star Trek,39,tt0131029,Star Trek: The Next Generation - A Final Unity,1995
Star Trek,40,tt0221709,William Shatner's Star Trek Memories,1995
Star Trek,41,tt0292568,Journey's End: The Saga of Star Trek - The Next Generation,1994
Star Trek,42,tt6422228,Rocket Mortgage: Star Trek Beyond - How To,2016
Star Trek,43,tt0274889,Star Trek 25th Anniversary Special,1991
Star Trek,44,tt0274890,Star Trek: 30 Years and Beyond,1996
Star Trek,45,tt0201172,Star Trek: Armada,2000
Star Trek,46,tt0970511,Star Trek: Beyond the Final Frontier,2007
Star Trek,47,tt0124140,Star Trek: Borg,1996
Star Trek,48,tt0281223,Star Trek: Bridge Commander,2002
Star Trek,49,tt0348111,Star Trek: Elite Force II,2003
Star Trek,50,tt0467491,Star Trek: Hidden Frontier,2000
Star Trek,51,tt0844485,Star Trek: Legacy,2006
Star Trek,52,tt0931112,Star Trek Online,2010
Star Trek,53,tt0125516,Star Trek: Starfleet Academy,1997
Star Trek,54,tt0356069,Star Trek: The Experience - Borg Invasion 4D,2004
Star Trek,55,tt0217820,Star Trek: The Next Generation Interactive Technical Manual,1994
Star Trek,56,tt0208486,Star Trek World Tour,1998
Star Trek,57,tt1394315,The Captain's Summit,2009
Star Trek,58,tt0301253,Ultimate Trek: Star Trek's Greatest Moments,1999
Star Trek,59,tt5941796,50 Years of Star Trek,2016
Star Trek,60,tt1050237,Borg War,2006
Star Trek,61,tt1423563,Bring Back... Star Trek,2009
Star Trek,62,tt0315474,Defender,1980
Star Trek,63,tt0367885,Inside Star Trek: The Real Story,1998
Star Trek,64,tt0378242,Leonard Nimoy: Star Trek Memories,1983
Star Trek,65,tt4154074,Our Star Trek: The Fifty Year Mission,2015
Star Trek,66,tt0365786,Star Trek: 25th Anniversary Enhanced,1992
Star Trek,67,tt0324065,Star Trek: A Captain's Log,1994
Star Trek,68,tt0284513,Star Trek: Armada II,2001
Star Trek,69,tt0276525,Star Trek: Away Team,2001
Star Trek,70,tt0416240,Star Trek: Birth of the Federation,1999
Star Trek,71,tt0300511,'Star Trek: Deep Space Nine': Behind the Scenes,1993
Star Trek,72,tt0454957,Star Trek: Deep Space Nine - Dominion Wars,2001
Star Trek,73,tt0413308,Star Trek: Deep Space Nine - Harbinger,1996
Star Trek,74,tt0203945,Star Trek: Deep Space Nine - The Fallen,2000
Star Trek,75,tt3445408,Star Trek: Enterprise - In a Time of War,2014
Star Trek,76,tt3120434,Star Trek: Enterprise - Uncharted Territory,2013
Star Trek,77,tt2197331,Star Trek: GENESIS,2012
Star Trek,78,tt0216237,Star Trek: Hidden Evil,1999
Star Trek,79,tt0256407,Star Trek: Invasion,2000
Star Trek,80,tt0189110,Star Trek: Judgment Rites,1993
Star Trek,81,tt0159771,Star Trek: Klingon Academy,2000
Star Trek,82,tt2928446,Star Trek: Secrets of the Universe,2013
Star Trek,83,tt0284514,Star Trek: Shattered Universe,2003
Star Trek,84,tt0214159,Star Trek: Starfleet Command,1999
Star Trek,85,tt0339724,Star Trek: Starfleet Command III,2002
Star Trek,86,tt1570097,Star Trek: The Gag Reel,2009
Star Trek,87,tt1977920,Star Trek: The Next Generation - A XXX Parody,2011
Star Trek,88,tt0375096,Star Trek: The Next Generation: Interactive VCR Board Game - A Klingon Challenge,1995
Star Trek,89,tt1001402,Star Trek Versus Batman,2006
Star Trek,90,tt4642780,Star Trek Wars,2015
Star Trek,91,tt0274079,The Science of Star Trek,1995
Star Trek,92,tt5946726,All in a Day's Work: A Star Trek Fan Production,2016
Star Trek,93,tt0799919,All-Star American Destiny Trek,2006
Star Trek,94,tt1369441,America Loves... Star Trek,2001
Star Trek,95,tt1089019,A Mock Time: A Star Trek Wedding,2007
Star Trek,96,tt1146277,Bastards of Kirk,2006
Star Trek,97,tt1433906,Beam Me Up - Die große Star Trek Show,2009
Star Trek,98,tt6071476,Building Star Trek,2016
Star Trek,99,tt5164338,Drunken Star Trek,2015
Star Trek,100,tt1414485,Farewell to the Star Trek Experience,2009
Star Trek,101,tt3294530,Inside the New Adventure: Star Trek - Voyager,1995
Star Trek,102,tt2252642,Kre-O Star Trek,2013
Star Trek,103,tt2492628,Making It So: Continuing Star Trek - The Next Generation,2012
Star Trek,104,tt6350408,Mr. Plinkett's Star Trek 2009 Review,2015
Star Trek,105,tt5851562,Renegades,2017
Star Trek,106,tt2827050,Resistance Is Futile: Assimilating Star Trek -The Next Generation,2013
Star Trek,107,tt2492648,Reunification: 25 Years After Star Trek - The Next Generation,2012
Star Trek,108,tt1433913,Special zu 'Star Trek XI',2009
Star Trek,109,tt2226344,Stardate Revisited: The Origin of Star Trek - The Next Generation,2012
Star Trek,110,tt5290244,Star Trek: Absolution,2015
Star Trek,111,tt1415292,Star Trek Adventure,1991
Star Trek,112,tt1556227,Star Trek: Aliens,2009
Star Trek,113,tt1699508,Star Trek Alpha Strike,2010
Star Trek,114,tt1556226,Star Trek: A New Vision,2009
Star Trek,115,tt1556228,Star Trek: Ben Burtt & the Sounds of Star Trek,2009
Star Trek,116,tt4669408,Star Trek: Captain Pike,2016
Star Trek,117,tt1556229,Star Trek: Casting,2009
Star Trek,118,tt1358888,Star Trek: Chains of Betrayal,2008
Star Trek,119,tt1855356,Star Trek: Conquest,2007
Star Trek,120,tt0292253,Star Trek: ConQuest Online,2000
Star Trek,121,tt1477181,Star Trek: D·A·C,2009
Star Trek,122,tt3291428,Star Trek Dark Armada,2006
Star Trek,123,tt2927680,Star Trek: Deception,2013
Star Trek,124,tt0300512,Star Trek: Deep Space Nine Companion,1999
Star Trek,125,tt2392094,Star Trek: Deep Space Nine - Crossroads of Time,1995
Star Trek,126,tt0395773,Star Trek: Disco Generation,1998
Star Trek,127,tt3991184,Star Trek: Elokomin,2015
Star Trek,128,tt0888524,Star Trek: Encounters,2006
Star Trek,129,tt3120406,Star Trek: Enterprise - In Conversation - The First Crew,2013
Star Trek,130,tt3255584,Star Trek Evolutions,2009
Star Trek,131,tt2316298,Star Trek: Excalibur,2012
Star Trek,132,tt5022534,Star Trek: Eye of the Tempest,2015
Star Trek,133,tt1977921,Star Trek: Federation One,2008
Star Trek,134,tt1776302,Star Trek: First Contact,1988
Star Trek,135,tt6437492,Star Trek: First Contact Review,2009
Star Trek,136,tt2966972,Star Trek for a Cause,2009
Star Trek,137,tt6437424,Star Trek: Generations Review,2008
Star Trek,138,tt1559323,Star Trek: Gene Rodenberry's Vision,2009
Star Trek,139,tt2006574,"Star Trek: Henglaar, M.D.",2009
Star Trek,140,tt5206652,Star Trek: Hidden Identities,1995
Star Trek,141,tt6285552,Star Trek: Inside the Roddenberry Vault,2016
Star Trek,142,tt6437524,Star Trek Insurrection Review,2009
Star Trek,143,tt5467868,Star Trek Into Darkness: Attack on Starfleet,2013
Star Trek,144,tt5467896,Star Trek Into Darkness: Brawl by the Bay,2013
Star Trek,145,tt5467838,Star Trek Into Darkness: Creating the Red Planet,2013
Star Trek,146,tt5467888,Star Trek Into Darkness: Ship to Ship,2013
Star Trek,147,tt2909354,Star Trek Into Darkness Special,2013
Star Trek,148,tt5467884,Star Trek Into Darkness: The Enemy of My Enemy,2013
Star Trek,149,tt5467878,Star Trek Into Darkness: The Klingon Home World,2013
Star Trek,150,tt2779140,Star Trek: Intrepid,2009
Star Trek,151,tt3088530,Star Trek: Invincible,2013
Star Trek,152,tt2700916,Star Trek I: Specter of the Past,2010
Star Trek,153,tt0438454,Star Trek Logs: An MTV Big Picture Special Edition,1991
Star Trek,154,tt6437652,Star Trek: Nemesis Review,2009
Star Trek,155,tt0205425,Star Trek: New Worlds,1999
Star Trek,156,tt2074442,Star Trek: Odyssey,2007
Star Trek,157,tt1206087,Star Trek: Operation Beta Shield,2008
Star Trek,158,tt2512472,Star Trek: Osiris,2009
Star Trek,159,tt4908938,Star Trek: Outlaws,2015
Star Trek,160,tt1704271,Star Trek: Phoenix - Cloak & Dagger Part I,2010
Star Trek,161,tt1462495,Star Trek: Phoenix - Hollow,2009
Star Trek,162,tt1462496,Star Trek: Phoenix - Holo-Victory,2009
Star Trek,163,tt1397079,Star Trek: Phoenix - No Other Medicine,2009
Star Trek,164,tt1461428,Star Trek: Phoenix - Third Degree,2009
Star Trek,165,tt0277348,Star Trek: Pinball,1998
Star Trek,166,tt1556230,Star Trek: Planets,2009
Star Trek,167,tt5270848,Star Trek: Progeny,2016
Star Trek,168,tt1556231,Star Trek: Props & Costumes,2009
Star Trek,169,tt5667190,Star Trek: Revenge,2016
Star Trek,170,tt0861678,Star Trek: Science vs. Fiction,2006
Star Trek,171,tt1556232,Star Trek: Score,2009
Star Trek,172,tt4057134,Star Trek Secret Voyage: Rise of the Gongdea,2014
Star Trek,173,tt2337762,Star Trek Secret Voyage: Whose Birth These Triumphs Are,2012
Star Trek,174,tt0320526,Star Trek: Starfleet Command: Orion Pirates,2001
Star Trek,175,tt0272306,Star Trek: Starfleet Command: Volume II: Empires at War,2000
Star Trek,176,tt1556233,Star Trek: Starships,2009
Star Trek,177,tt1288602,Star Trek: Tactical Assault,2006
Star Trek,178,tt3968196,Star Trek: Temporal Anomaly,2015
Star Trek,179,tt0159772,Star Trek: The Game Show,1998
Star Trek,180,tt2777500,Star Trek: The Helena Chronicles,2008
Star Trek,181,tt3258050,Star Trek: The Next Generation,1993
Star Trek,182,tt0300513,Star Trek: The Next Generation Companion,1999
Star Trek,183,tt2827010,Star Trek: The Next Generation - Regeneration: Engaging the Borg,2013
Star Trek,184,tt3060318,Star Trek: The Next Generation - Survive and Suceed: An Empire at War,2013
Star Trek,185,tt0820490,Star Trek: The Pepsi Generation,1988
Star Trek,186,tt0260393,Star Trek: The Rebel Universe,1988
Star Trek,187,tt5331942,Star Trek: The Romulan Wars - The Outpost,2007
Star Trek,188,tt2977544,Star Trek: Three Picture Saga,2009
Star Trek,189,tt5371784,Star Trek Timelines,2016
Star Trek,190,tt1556234,Star Trek: To Boldly Go,2009
Star Trek,191,tt1142872,Star Trek Visual Effects Magic: A Roundtable Discussion,2007
Star Trek,192,tt3489248,Star Trek V: The Final Frontier,1989
Star Trek,193,tt3482566,STC: The Falkenhorst Chronicles,2013
Star Trek,194,tt5950176,The Chronicles of Lanclos: A Star Trek Fan Production,2016
Star Trek,195,tt2180186,The Lost Enterprise: Star Trek - Phase II,2001
Star Trek,196,tt0369693,The Making of 'Star Trek: First Contact',1996
Star Trek,197,tt0354932,The Star Trek Encyclopedia,1999
Star Trek,198,tt1459016,Villains of 'Star Trek',2009
Star Trek,200,tt6379486,A Night with Troi,1991
Star Trek,201,tt5588340,Animated Star Trek,2015
Star Trek,202,tt6380598,Be Careful What You Wish for: A Star Trek Fan Production,2016
Star Trek,203,tt3815804,Beyond the Five Year Mission: The Evolution of Star Trek - The Next Generation,2014
Star Trek,204,tt5569898,Bob Wilkins Interviews the Stars of Alien and Star Trek,2013
Star Trek,205,tt6234936,Chance Encounter: A Star Trek Fan Film,2017
Star Trek,206,tt3226402,Chris Freeman Presents: A Scene from Star Trek - The Next Generation Episode 3x09 - The Vengeance Factor,2011
Star Trek,207,tt6380510,Destinies: A Star Trek Fan Production,2016
Star Trek,208,tt4225372,In Conversation: Lensing Star Trek - The Next Generation,2014
Star Trek,209,tt3338072,In Conversation: The Music of Star Trek - The Next Generation,2013
Star Trek,210,tt3060284,In Conversation: The Star Trek Art Department,2013
Star Trek,211,tt3687264,In Conversation: Writing Star Trek: Enterprise,2014
Star Trek,212,tt4563648,Industrial Light & Magic: The Visual Effects of 'Star Trek',2009
Star Trek,214,tt3706538,Our Star Trek Moment,2014
Star Trek,215,tt5971464,Pacific 201: A Star Trek Fan Production,2017
Star Trek,216,tt6380618,Pas De Trois: A Star Trek Fan Production,2016
Star Trek,217,tt5985562,PenPals: A Star Trek Fan Production,2016
Star Trek,218,tt3060094,Relativity: The Family Saga of Star Trek - The Next Generation,2013
Star Trek,219,tt3338082,Requiem - A Remembrance of Star Trek: The Next Generation,2013
Star Trek,220,tt6380530,Room Service: A Star Trek Fan Production,2016
Star Trek,221,tt3473412,ScriptGirl Report: Star Trek Cosplay with J.J.,2008
Star Trek,222,tt3799296,Starship Rendezvous: The Inquiry,2014
Star Trek,223,tt3651516,Star Trek: 25th Anniversary (Gameboy),1992
Star Trek,224,tt6550980,Star Trek: Alien Domain,2016
Star Trek,225,tt4563584,Star Trek and the Science Fiction Museum and Hall of Fame,2009
Star Trek,226,tt6502382,"Star Trek: Bed, Bath & Beyond",2016
Star Trek,227,tt6339066,Star Trek Beyond: A Warped Sense of Revenge,2016
Star Trek,228,tt6339208,Star Trek Beyond: Beats and Shouting,2016
Star Trek,229,tt6339054,Star Trek Beyond: Beyond the Darkness,2016
Star Trek,230,tt6339064,Star Trek Beyond: Divided and Conquered,2016
Star Trek,231,tt6339058,Star Trek Beyond: Enterprise Takedown,2016
Star Trek,232,tt6339076,Star Trek Beyond: Exploring Strange New Worlds,2016
Star Trek,233,tt6339104,Star Trek Beyond: For Leonard and Anton,2016
Star Trek,234,tt6339090,"Star Trek Beyond: New Life, New Civilizations",2016
Star Trek,235,tt6339196,Star Trek Beyond: Properly Outfitted,2016
Star Trek,236,tt6339200,Star Trek Beyond: Set Phasers to Stun,2016
Star Trek,237,tt6339186,Star Trek Beyond: Small World,2016
Star Trek,238,tt6339204,Star Trek Beyond: Spliced,2016
Star Trek,239,tt6339194,Star Trek Beyond: The Battle of Yorktown,2016
Star Trek,240,tt6339098,Star Trek Beyond: To Live Long and Prosper,2016
Star Trek,241,tt6339072,Star Trek Beyond: Trekking in the Desert,2016
Star Trek,242,tt6339216,Star Trek Beyond: Visually Effective,2016
Star Trek,243,tt3293100,Star Trek: Captain's Chair,1997
Star Trek,244,tt2404621,Star Trek Chronicles: Episode 1,2011
Star Trek,245,tt3957640,Star Trek: Durandal,2011
Star Trek,246,tt3445422,Star Trek: Enterprise - Temporal Cold War: Declassified,2014
Star Trek,248,tt3350150,Star Trek: From One Generation to the Next,2013
Star Trek,249,tt6169646,Star Trek: Generations - Beyond the Nexus,1994
Star Trek,250,tt4563486,Star Trek Honors NASA,2009
Star Trek,251,tt5470374,Star Trek Into Darkness: Aliens Encountered,2013
Star Trek,252,tt5467904,Star Trek Into Darkness: Continuing the Mission,2013
Star Trek,253,tt5470322,Star Trek Into Darkness: Down with the Ship,2013
Star Trek,254,tt5470410,Star Trek Into Darkness: Fitting the Future,2013
Star Trek,255,tt5470386,Star Trek Into Darkness: Introducing the Villain,2013
Star Trek,256,tt5470298,Star Trek Into Darkness: Kirk and Spock,2013
Star Trek,257,tt5470290,Star Trek Into Darkness: Mr. Spock and Mr. Spock,2013
Star Trek,258,tt5470324,Star Trek Into Darkness: National Ignition Facility,2013
Star Trek,259,tt5470440,Star Trek Into Darkness: Property of Starfleet,2013
Star Trek,260,tt5467992,Star Trek Into Darkness: Rebuilding the Enterprise,2013
Star Trek,261,tt5470326,Star Trek Into Darkness: Safety First,2013
Star Trek,262,tt5470360,Star Trek Into Darkness: The Sound of Music and FX,2013
Star Trek,263,tt5467966,Star Trek into Darkness: The Voyage Begins... Again,2013
Star Trek,264,tt5470334,Star Trek Into Darkness: Unlocking the Cut,2013
Star Trek,265,tt5470282,Star Trek into Darkness: Vengeance is Coming,2013
Star Trek,266,tt5470312,Star Trek Into Darkness: Visual Affection,2013
Star Trek,267,tt4435214,Star Trek: Natures Hunger,2010
Star Trek,268,tt4352436,Star Trek: Nature's Hunger,2010
Star Trek,269,tt4260546,Star Trek Night,2001
Star Trek,270,tt3122952,Star Trek: Origins,2013
Star Trek,271,tt1757872,Star Trek... ou presque,2006
Star Trek,272,tt2559396,Star Trek: Phoenix - Cloak and Dagger Part 1,2010
Star Trek,273,tt1603839,Star Trek: Phoenix - Fractured Logic,2009
Star Trek,274,tt4397704,Star Trek Reliant: Stalemate,2014
Star Trek,275,tt4390152,Star Trek Reliant: Supply and Demand,2014
Star Trek,276,tt4262080,Star Trek: Return of the Cytrons,2013
Star Trek,277,tt2354558,Star Trek: Reunion,2011
Star Trek,278,tt3258012,Star Trek: Starfleet Academy Starship Bridge Simulator,1994
Star Trek,279,tt6426774,Star Trek: Survivor,2010
Star Trek,280,tt6051204,Star Trek: The Journey to the Silver Screen,2016
Star Trek,281,tt1909344,Star Trek: The Kobayashi Alternative,1985
Star Trek,282,tt3188624,Star Trek: The Next Generation - Future's Past,1994
Star Trek,283,tt2827024,Star Trek: The Next Generation - Inside the Writer's Room,2013
Star Trek,284,tt4761536,Star Trek: The Next Generation: Klingon Honor Guard,1998
Star Trek,285,tt3815866,Star Trek: The Next Generation - The Privilege of Rank: Making Chain of Command,2014
Star Trek,286,tt4225298,Star Trek: The Next Generation - The Sky's the Limit - The Eclipse of Star Trek: The Next Generation,2014
Star Trek,287,tt4225342,Star Trek: The Next Generation - The Unknown Possibilities of Existence: Making All Good Things...,2014
Star Trek,288,tt6074764,Star Trek the Original Series Fan Commentary,2016
Star Trek,289,tt1909345,Star Trek: The Promethean Prophecy,1986
Star Trek,290,tt5331990,Star Trek: The Romulan Wars - The Wounded,2010
Star Trek,291,tt5331924,Star Trek: The Romulan Wars - Unto the Breach,2006
Star Trek,292,tt4484406,Star Trek: Unity,2005
Star Trek,294,tt5144604,Star Trek Valkyrie: Special Edition the Captain's Table,2014
Star Trek,295,tt2501548,Star Trek: Voyager - The Arcade Game,2002
Star Trek,296,tt3991284,Star Trek Wars,2013
Star Trek,297,tt6839534,Survivors: A Star Trek Fan Production,2017
Star Trek,298,tt6380564,The Greater Good: A Star Trek Fan Production,2016
Star Trek,299,tt4424152,The Outer Rim,2016
Star Trek,302,tt6332276,What We Left Behind: Looking Back at Deep Space Nine,2017
Star Trek,303,tt1489257,This Ain't Star Trek XXX,2009
Star Trek,304,tt1598174,This Ain't Star Trek XXX 2: The Butterfly Effect,2010
Star Trek,305,tt3019264,This Ain't Star Trek 3 XXX: This Is a Parody,2013
Star Trek,306,tt5826594,This Isn't Star Trek: A XXX Parody,2010
Final Destination,0,tt0195714,Final Destination,2000
Final Destination,1,tt0309593,Final Destination 2,2003
Final Destination,2,tt0414982,Final Destination 3,2006
Final Destination,3,tt1622979,Final Destination 5,2011
Final Destination,4,tt1144884,The Final Destination,2009
Final Destination,5,tt5056454,Final Destination,2013
Final Destination,7,tt1486634,Destination finale,2008
Final Destination,8,tt0309044,The Visitant,1981
Final Destination,9,tt0896923,The City of Your Final Destination,2009
Final Destination,10,tt0773281,Death's Design: Making 'Final Destination 3',2006
Final Destination,11,tt0306815,Final Destination Unknown,1987
Final Destination,12,tt0836666,Kill Shot: The Making of 'FD3',2006
Final Destination,13,tt2148961,Final Destination 5: Circle of Death,2011
Final Destination,14,tt1711376,The City of Your Final Destination: Sorting It Out at Ocho Rios,2010
Final Destination,15,tt0305960,The Perfect Souffle: Testing 'Final Destination',2000
Final Destination,16,tt1583226,Body Count: The Deaths of 'The Final Destination',2010
Final Destination,17,tt6217600,Possessed: Final Destination,2017
Final Destination,18,tt3143270,The Final Destination DVD by Mr. Tac,2013
Final Destination,19,tt2237956,You Have Reached Your Final Destination,2012
Rocky,0,tt0075148,Rocky,1976
Rocky,1,tt0479143,Rocky Balboa,2006
Rocky,2,tt0079817,Rocky II,1979
Rocky,3,tt0089927,Rocky IV,1985
Rocky,4,tt0084602,Rocky III,1982
Rocky,6,tt0100507,Rocky V,1990
Rocky,7,tt0215132,Rocky,1981
Rocky,8,tt0814295,Rocky,2006
Rocky,10,tt1896806,Rocky,2002
Rocky,11,tt2184010,Rocky,2008
Rocky,12,tt4089614,Rocky,2008
Rocky,13,tt3080284,Rocky,2013
Rocky,14,tt1805390,Rocky,2008
Rocky,15,tt2265525,Rocky,2011
Rocky,16,tt0131704,The Adventures of Rocky & Bullwinkle,2000
Rocky,19,tt1267299,The Rocky Horror Picture Show: Let's Do the Time Warp Again,2016
Rocky,20,tt3410408,Rocky Handsome,2016
Rocky,21,tt0183718,Rocky Marciano,1999
Rocky,25,tt0092439,Rocky Road,1985
Rocky,27,tt5061126,Rocky Horror Show Live,2015
Rocky,29,tt2287993,Rocky Mountain Express,2011
Rocky,30,tt0395739,Rocky Mountain Holiday with John Denver and the Muppets,1983
Rocky,31,tt0091865,Rocky VI,1986
Rocky,32,tt1924400,The Extraordinary Life of Rocky,2010
Rocky,33,tt0080733,Fighting Back: The Story of Rocky Bleier,1980
Rocky,34,tt4226162,Joe Rogan: Rocky Mountain High,2014
Rocky,36,tt1833773,Random Strangers,2011
Rocky,37,tt3276714,Rocky and Bullwinkle,2014
Rocky,39,tt2095019,The Real Rocky,2011
Rocky,40,tt0253555,A Regular Frankie Fan,2000
Rocky,41,tt4796084,Dr. Jeff: Rocky Mountain Vet,2015
Rocky,42,tt1135936,John 'Rocky' Robinson: Roll with the Punches,2003
Rocky,43,tt0323335,My Name Is Rocky,2001
Rocky,44,tt0354874,Rocky and Rolanda,2001
Rocky,45,tt0296832,Rocky e Hudson,1994
Rocky,46,tt0306021,Rocky Legends,2002
Rocky,47,tt0473081,Rocky Mountain Reunion,1980
Rocky,48,tt1543752,Blood Junkie,2010
Rocky,49,tt3241796,Snow Wars,2013
Rocky,50,tt0406492,11:11,2011
Rocky,51,tt1682222,Champion Joe,1980
Rocky,52,tt5130918,From Rocky to Creed: The Legacy Continues,2015
Rocky,53,tt0076192,Incredible Rocky Mountain Race,1977
Rocky,55,tt0269793,Rocky Horror 25: Anniversary Special,2000
Rocky,56,tt0323826,Rocky Horror Double Feature Video Show,1995
Rocky,57,tt4843226,Rocky Mountain Law,2015
Rocky,59,tt0152218,Rocky Pink,1976
Rocky,60,tt3187040,Rocky Road,2014
Rocky,62,tt0409231,The Rocky Horror Show,1985
Rocky,63,tt2150521,The Rocky Saga: Going the Distance,2011
Rocky,64,tt2644044,Where Is Rocky II?,2016
Rocky,66,tt1110287,You Must Be This Tall: The Story of Rocky Point Park,2007
Rocky,67,tt1810532,Andy Hug: Vom Rocky zum Samurai,1995
Rocky,69,tt1401239,Kara simsek,1985
Rocky,70,tt1469358,Pocky & Rocky,1992
Rocky,71,tt0281008,Of Moose and Men: The Rocky & Bullwinkle Story,1990
Rocky,72,tt0288787,"Racky no 0, to noumero!",1985
Rocky,74,tt0308815,Rocky & Bullwinkle: One Last Story,1991
Rocky,75,tt0079816,Rocky Carambola,1979
Rocky,76,tt0983207,Rocky + Drago,2006
Rocky,77,tt0196913,Rocky IV: An Animation,1999
Rocky,78,tt4125040,Rocky IV: le coup de poing américain,2014
Rocky,79,tt6404360,Rocky Jumped a Park Bench,2008
Rocky,80,tt2396502,Rocky Marciano: A Life Story,2004
Rocky,83,tt3706126,Rocky Mountain Bounty Hunters,2014
Rocky,84,tt1960808,Rocky Mountain Gators,2010
Rocky,86,tt1932696,Rocky Must Die,2011
Rocky,87,tt5823484,Rocky Paper Scissors,2016
Rocky,88,tt0949519,Rocky Plus V,1991
Rocky,89,tt0415447,Rocky Point,2005
Rocky,90,tt0203078,Rocky Road,2001
Rocky,91,tt1664836,Rocky Road,2010
Rocky,92,tt0939407,Rocky Star,1993
Rocky,93,tt4577416,Rocky & the Dodos,1998
Rocky,94,tt1051258,Rocky: The Final Battle,2007
Rocky,95,tt0246387,Rocky Times,2000
Rocky,96,tt1020836,Skill vs. Will: The Making of 'Rocky Balboa',2007
Rocky,97,tt0457702,Spotlight on Location: The Adventures of Rocky & Bullwinkle,2001
Rocky,98,tt4552578,The Adventures of Rocky and Bullwinkle and Friends,1993
Rocky,100,tt0436554,The Making of 'Rocky Road to Dublin',2004
Rocky,101,tt1013694,The Rocky Horror Treatment,1981
Rocky,102,tt5091896,The Rocky Horror Tribute Show,2006
Rocky,103,tt0194044,The Rocky Interactive Horror Show,1999
Rocky,106,tt6099284,40 Years of Rocky: The Birth of a Classic,2017
Rocky,107,tt3701594,A$AP Rocky: A$VP,2012
Rocky,108,tt6753816,A$AP Rocky: LSD,2015
Rocky,109,tt3416244,A$AP Rocky: Phoenix,2013
Rocky,112,tt6901720,Alicia Keys Feat. A$AP Rocky: Blended Family - What You Do for Love,2016
Rocky,114,tt0968256,Black Hawk Waltz: Tales of a Rocky Mountain Town,1997
Rocky,115,tt5806218,Bricki & Rocky,2017
Rocky,118,tt4791352,David LP: Rocky Balboa,2013
Rocky,119,tt0402196,Freeskiing Rocky Mountains,2003
Rocky,121,tt3534192,Great Lake Swimmers: Your Rocky Spine,2009
Rocky,122,tt1990238,Hey Rocky Answer the Phone,2007
Rocky,123,tt2178283,Highway durch die Rocky Mountains,2012
Rocky,125,tt6724688,I Love Rocky Road,1983
Rocky,126,tt3744020,Interview Rocky Ma'nos,2014
Rocky,127,tt3035504,Japanese Cooking,1985
Rocky,128,tt1920978,John Denver Rocky Mountain High: An Earth Day Concert,2011
Rocky,129,tt2873940,John Denver: Rocky Mountain High Live in Japan 1981,1981
Rocky,130,tt0488191,Johnny Rocky Tanggo Part IV,1986
Rocky,132,tt3797714,Leftover Salmon: A Rocky Mountain High,2014
Rocky,133,tt5226326,Living with Rocky,2015
Rocky,134,tt5997518,Mathew and Marc's Rocky Road to South America,2005
Rocky,135,tt5997610,Mathew and Marc's Rocky Road to the UK,2006
Rocky,136,tt5997560,Mathew & Marc's Rocky Road to the Land of the Rising Sun,2008
Rocky,137,tt2462332,Not So Rocky Now!,2012
Rocky,138,tt5441544,"Oute Rocky... oute Rambo, erhontai oi Vlahokrambo",1986
Rocky,140,tt3856474,Radio Zed: Rocky Mountain High,2014
Rocky,141,tt2705718,Revenge for Real: Rocky Mountain Retribution,2013
Rocky,142,tt2293042,Rick and Rocky,2004
Rocky,143,tt3834586,Rocky 3 in the Playroom,2012
Rocky,144,tt5244384,Rocky Boy,2016
Rocky,146,tt1538997,Rocky Cola,2006
Rocky,147,tt2642476,Rocky Dennis,2012
Rocky,148,tt2016272,Rocky Flats: Legacy,2011
Rocky,149,tt1418242,Rocky Four-ma,1986
Rocky,150,tt1273499,Rocky Hollow,1983
Rocky,151,tt1821588,Rocky Hollow Lodge,2010
Rocky,152,tt4199812,Rocky Horror Saved My Life,2016
Rocky,154,tt0464588,Rocky Interlude,1990
Rocky,156,tt2998530,Rocky Lama,2013
Rocky,162,tt1378331,Rocky Mountain Cowboy: The Life & Music of Roy Barnes,2006
Rocky,167,tt1353127,Rocky Mountain National Park: Park BasiX,2004
Rocky,168,tt2300576,Rocky Mountain Oysters,2011
Rocky,169,tt6472038,Rocky Mountain Pro Charged,2016
Rocky,170,tt5717020,Rocky Mountain Reno,2015
Rocky,172,tt6735192,Rocky Mountain Roads,2016
Rocky,174,tt0411811,Rocky n Rolly: Suntok sabay takbo,1990
Rocky,175,tt0379138,Rocky O'Rourke,1976
Rocky,177,tt1954786,Rocky Road,2011
Rocky,178,tt2951610,Rocky Road,2013
Rocky,179,tt6799702,Rocky Road,2017
Rocky,180,tt1900966,Rocky Roads,2010
Rocky,181,tt5757732,Rocky Rodent,1993
Rocky,182,tt6180242,Rocky Ros Muc,2017
Rocky,184,tt1160762,Rocky Tu-log,1981
Rocky,187,tt2792500,Sayonara boku no inu Rocky,1978
Rocky,188,tt5320414,S.D. Deacon Rocky Parody Spot,2011
Rocky,191,tt0490491,Skalnite manastiri v Bulgaria,2005
Rocky,192,tt6151434,Stella and Rocky,2016
Rocky,194,tt6714672,Superheroes: Chief Keef Ft. A$AP Rocky,2015
Rocky,196,tt6211156,Tales of Rocky Point Park,2016
Rocky,198,tt4737678,The Assassin: Rocky Roads,2014
Rocky,203,tt1970054,The Rocky,2011
Rocky,204,tt5700278,The Rocky Horror Birthday Show,2015
Rocky,205,tt5733218,The Rocky Horror Phenomenon,2017
Rocky,206,tt2382400,The Rocky Mountain Experience,2012
Rocky,207,tt4633352,The Rocky Mountain Fly Highway,2014
Rocky,212,tt1667859,The Secret Life of Rocky Perone,2010
Rocky,213,tt2633670,The Untold Story of the Rocky Road Underground,2012
Rocky,214,tt1326197,Citizen Rocky,2016
Rocky,219,tt2334789,Rocky XXX: A Parody Thriller,2011
Rocky,220,tt0189969,The Rocky Porno Video Show,1986
Rocky,221,tt0147264,Rocky Mountains,1991
Rocky,222,tt0466325,Rocky the Fighter,2004
Rocky,223,tt0407504,The Adventures of a Rocky & Bill Winkler,1999
Step Up,0,tt0462590,Step Up,2006
Step Up,1,tt1023481,Step Up 2: The Streets,2008
Step Up,2,tt1193631,Step Up 3D,2010
Step Up,3,tt1800741,Step Up Revolution,2012
Step Up,4,tt0906779,Step Up!,2003
Step Up,5,tt2516968,Step Up,2012
Step Up,6,tt2144149,Step Up,2011
Step Up,7,tt5156974,Step Up,2015
Step Up,8,tt2626350,Step Up All In,2014
Step Up,9,tt2365965,Step Right Up,2012
Step Up,10,tt2141717,Entre les Bras,2012
Step Up,11,tt0929753,Step Up Love Story,2002
Step Up,12,tt2962478,Wheelchair Diaries: One Step Up,2013
Step Up,13,tt1103806,Step It Up and Dance,2008
Step Up,14,tt1927041,Step Up Love Story,2011
Step Up,15,tt2134058,Step Up Love Story: Second Kiss,2011
Step Up,16,tt2560094,Step Up Love Story: Triple Love and Love Forever,2012
Step Up,17,tt4323930,Futari Ecchi,2014
Step Up,18,tt0844017,On the Set: Step Up,2006
Step Up,19,tt5149990,Step It Up,2015
Step Up,20,tt0844460,Step Up BET Music Special,2006
Step Up,21,tt2530096,Step Up Revolution Dance Workout,2012
Step Up,22,tt0856274,Step-Up Workout with La Toya Jackson,1993
Step Up,23,tt2226273,Abrina: Step Up,2012
Step Up,24,tt1626642,MTV Soundtrack: Step Up,2006
Step Up,25,tt5173730,PSA: Surgeon General Says 'Step It Up!',2015
Step Up,26,tt4379984,Step It Up Steve,2015
Step Up,27,tt6654182,Step It Up with Steph,2017
Step Up,29,tt1646227,Step Right Up,2009
Step Up,30,tt3171874,Step Right Up,2013
Step Up,31,tt3291176,Step Right Up,2013
Step Up,32,tt5192590,Step Up 40,2016
Step Up,33,tt4060544,Step Up 6,2017
Step Up,34,tt6300782,Step Up: The Official Dance Workout,2010
Step Up,35,tt5600446,Step Up to a Start Up,2014
Step Up,36,tt2324955,Step Up to the Microphone,2012
Step Up,37,tt1273620,Step Up to the Plate,2008
Step Up,38,tt2140605,Through Fresh Eyes: The Making of Step Up 2,2008
Step Up,39,tt5972424,Step Up to Get Your Dick Up,2010
Mission Impossible,0,tt0117060,Mission: Impossible,1996
Mission Impossible,2,tt1229238,Mission: Impossible - Ghost Protocol,2011
Mission Impossible,3,tt0120755,Mission: Impossible II,2000
Mission Impossible,4,tt0317919,Mission: Impossible III,2006
Mission Impossible,5,tt2381249,Mission: Impossible - Rogue Nation,2015
Mission Impossible,6,tt0094511,Mission: Impossible,1988
Mission Impossible,7,tt0284312,Mission: Impossible,1998
Mission Impossible,9,tt0420781,Mission: Impossible,1991
Mission Impossible,10,tt2476894,Mission Impossible,2008
Mission Impossible,12,tt3290714,Samurai Hustle,2014
Mission Impossible,14,tt0364984,Behind the Mission: The Making of 'M:I-2',2000
Mission Impossible,15,tt0408903,Impossible Mission,1984
Mission Impossible,16,tt0444873,Maid,2004
Mission Impossible,17,tt0390268,Mission: Impossible - Operation Surma,2003
Mission Impossible,18,tt2562234,Ninja Kids!!!: Summer Mission Impossible,2013
Mission Impossible,19,tt3540044,Ah Beng: Mission Impossible,2014
Mission Impossible,20,tt2897098,"Centrales nucléaires, démantèlement impossible?",2013
Mission Impossible,21,tt2154921,Heston's Mission Impossible,2011
Mission Impossible,22,tt0466031,Impossible Mission II,1988
Mission Impossible,23,tt2249696,Mission: Impossible - Ghost Protocol: Special Feature - Prison Break,2011
Mission Impossible,24,tt2244236,Mission: Impossible Ghost Protocol Special Feature - Soaring in Dubai,2011
Mission Impossible,25,tt5042392,Mission: Impossible - Operation Flashfire,2015
Mission Impossible,26,tt5042346,Mission: Impossible - Operation Havoc,2012
Mission Impossible,27,tt5042364,Mission: Impossible - Operation Sandstorm,2013
Mission Impossible,28,tt0089330,The Impossible Mission,1985
Mission Impossible,29,tt3846242,An Impossible Mission: Ivory Coast Elephant Rescue,2014
Mission Impossible,30,tt0818089,Books for Boys: A Mission Impossible?,2004
Mission Impossible,31,tt2172845,CR Mission: Impossible,2011
Mission Impossible,32,tt4703294,Goldentusk's Mission Impossible Theme Song,2011
Mission Impossible,33,tt3759512,Impossible Mission! - Young Bond: Agent 006,1999
Mission Impossible,34,tt4474744,Libyan stories: Mission Impossible,2015
Mission Impossible,35,tt2379042,Mission: Impossible - Alternate Ending,2012
Mission Impossible,36,tt3975122,'Mission Impossible': Cruise Control,2014
Mission Impossible,37,tt2244288,Mission: Impossible Ghost Protocol Special Feature - The Final Fight,2011
Mission Impossible,38,tt2074406,Mission Impossible Holiday Romance,2011
Mission Impossible,39,tt0969300,Mission Impossible: Kosovo,1999
Mission Impossible,40,tt6263194,Mission Impossible: Lettering,1998
Mission Impossible,41,tt5330926,Mission: Remarkable - 40 Years of Creating the Impossible,2006
Mission Impossible,42,tt3692610,Okhwan,2016
Mission Impossible,43,tt5780744,Okhwan's Mission Impossible,2016
Mission Impossible,44,tt6459108,"Solar Impulse, the Impossible Round the World Mission",2016
Mission Impossible,45,tt3843576,Submarine Mission Impossible,2012
Mission Impossible,46,tt6693446,Trans-Mission: Impossible,2010
Riddick,0,tt0296572,The Chronicles of Riddick,2004
Riddick,1,tt1411250,Riddick,2013
Riddick,2,tt0134847,Pitch Black,2000
Riddick,3,tt0407658,The Chronicles of Riddick: Dark Fury,2004
Riddick,4,tt0405833,The Chronicles of Riddick: Escape from Butcher Bay,2004
Riddick,5,tt1218336,The Chronicles of Riddick: Assault on Dark Athena,2009
Riddick,6,tt0366620,The Chronicles of Riddick: Into Pitch Black,2000
Riddick,7,tt3095416,Riddick: Blindsided,2013
Riddick,8,tt2353997,Evander Holyfield vs. Riddick Bowe,1992
Riddick,9,tt0827518,Sci-Fi Channel: The Lowdown - The Chronicles of Riddick,2004
Riddick,10,tt5372678,From Pitch Black to the Chronicles of Riddick: Bridging the Gap,2004
Riddick,12,tt5375012,Riddick: Meet the Mercs,2014
Riddick,13,tt5375048,Riddick: The Twohy Touch,2014
Riddick,14,tt5374806,The Chronicles of Riddick: Creation of New Mecca,2004
Riddick,15,tt5374784,The Chronicles of Riddick: Keep What You Kill,2004
Riddick,16,tt5374738,The Chronicles of Riddick: Riddick Rises,2004
Riddick,17,tt5374732,The Chronicles of Riddick: Toombs' Chase Log,2004
Riddick,18,tt5374720,The Chronicles of Riddick: Visual Effects Revealed,2004
Riddick,19,tt5372346,The Chronicles of Riddick: Visual Encyclopedia,2004
Riddick,20,tt5375000,The World of 'Riddick',2014
Riddick,21,tt5375038,Vin's Riddick,2014
Riddick,22,tt5374630,Virtual Guide to 'The Chronicles of Riddick',2004
Die Hard,0,tt0095016,Die Hard,1988
Die Hard,1,tt0112864,Die Hard with a Vengeance,1995
Die Hard,2,tt0337978,Live Free or Die Hard,2007
Die Hard,3,tt0099423,Die Hard 2,1990
Die Hard,4,tt1606378,A Good Day to Die Hard,2013
Die Hard,5,tt0254278,Die Hard,1997
Die Hard,6,tt0301196,Die Hard,1990
Die Hard,7,tt0301197,Die Hard,1992
Die Hard,8,tt0259060,Don't Die Too Hard!,2001
Die Hard,9,tt0162930,Die Hard Dracula,1998
Die Hard,10,tt0257548,Die Hard Trilogy,1996
Die Hard,11,tt0103111,Hard to Die,1990
Die Hard,12,tt0167117,Detour,1998
Die Hard,13,tt1294793,Old Habits Die Hard,2009
Die Hard,14,tt0080173,Hard Way to Die,1979
Die Hard,15,tt1149371,Analog Hero in a Digital World: Making of 'Live Free or Die Hard',2007
Die Hard,17,tt0297082,Die Hard Arcade,1996
Die Hard,18,tt0352295,Die Harder: The Making of 'Die Hard 2',1990
Die Hard,19,tt0291858,Die Hard: Nakatomi Plaza,2002
Die Hard,20,tt0264535,Die Hard Trilogy 2: Viva Las Vegas,2000
Die Hard,21,tt0343591,Die Hard: Vendetta,2002
Die Hard,22,tt3399372,Gag Reel,2007
Die Hard,24,tt1562904,To Die Is Hard,2010
Die Hard,25,tt3680460,A Good Clay to Die Hard,2013
Die Hard,26,tt0352201,Behind the Scenes: Die Hard - With a Vengeance,1995
Die Hard,27,tt2667254,Decoding Die Hard,2013
Die Hard,28,tt5247302,Die Hard 3: Villains with a Vengeance,1995
Die Hard,29,tt5249076,Die Hard 4.0: Hacker Underworld,2007
Die Hard,30,tt0499139,Iputok mo... Dadapa ako! (Hard to Die),1990
Die Hard,31,tt0332208,Life Is Hard and Then You Die,1989
Die Hard,32,tt1071225,Live Free or Die Hard: Inside the Action,2007
Die Hard,33,tt2086872,"Live Free or Die Hard (Project 12, 8/12)",2011
Die Hard,34,tt1249304,The Making of 'Die Hard: With a Vengeance',1995
Die Hard,35,tt0945535,24 Minutes to Die Hard,2006
Die Hard,36,tt3779198,A Die Hard Christmas Party with Reginald VelJohnson,2013
Die Hard,37,tt5280048,A Good Day to Die Hard: Anatomy of a Car Chase,2013
Die Hard,38,tt5285454,A Good Day to Die Hard: Back in Action,2013
Die Hard,39,tt4205768,A Good Day to Die Hard: Making It Hard to Die,2013
Die Hard,40,tt5285486,A Good Day to Die Hard: The New Face of Evil,2013
Die Hard,41,tt5285446,A Good Day to Die Hard: Two of a Kind,2013
Die Hard,42,tt5494712,"Bonnie & Clyde: Live Hard, Die Fast",2017
Die Hard,43,tt5247230,Die Hard 2: Breaking the Ice,1990
Die Hard,44,tt5247254,Die Hard 2: Chaos on the Conveyor Belt,1990
Die Hard,45,tt5247270,Die Hard 2: Interview with Renny Harlin,1990
Die Hard,46,tt5247200,Die Hard 2: The Bad Guys - Villains' Profile,1990
Die Hard,47,tt5247306,Die Hard 3: Bruce Willis Interview,1995
Die Hard,48,tt5249094,Die Hard 4.0: Homeland Security in a Cyber Age,2007
Die Hard,49,tt5249100,Die Hard 4.0: Matt's Pad with Justin Long,2007
Die Hard,50,tt1784412,Die Hard for Dinner,2009
Die Hard,51,tt1918780,Die Hard with a Pension,2008
Die Hard,52,tt1843136,Die Hard with a Sponsor,2007
Die Hard,54,tt5247340,Die Hard: Yippee Ki Yay Motherf*****,2007
Die Hard,56,tt4024122,Get Baked or Die Hard,2014
Die Hard,57,tt6111526,Jewish Die Hard with Phil Rosenthal,2015
Die Hard,58,tt5247352,Live Free or Die Hard: Behind the Scenes with Guyz Nite,2007
Die Hard,60,tt2865476,Old Flames Die Hard,2012
Die Hard,63,tt6092816,The Making of 'Die Hard',1999
Die Hard,64,tt5247064,The Making of 'Die Hard 2',1990
Die Hard,65,tt5247288,The Making of 'Die Hard 3',1995
Die Hard,66,tt6092820,Video Press Pak: The Making of 'Die Hard',2001
Die Hard,67,tt5247328,"Wrong Guy, Wrong Place, Wrong Time: A Look Back at 'Die Hard'",2007
Die Hard,68,tt2846466,This Ain't Die Hard XXX,2013
Transformers,0,tt0418279,Transformers,2007
Transformers,1,tt0086817,The Transformers,1984
Transformers,2,tt1399103,Transformers: Dark of the Moon,2011
Transformers,3,tt1055369,Transformers: Revenge of the Fallen,2009
Transformers,4,tt2109248,Transformers: Age of Extinction,2014
Transformers,5,tt0092106,The Transformers: The Movie,1986
Transformers,6,tt1843316,Transformers: The Ride - 3D,2011
Transformers,7,tt0410801,Transformers,2004
Transformers,8,tt0834963,Transformers,2006
Transformers,9,tt0376266,Transformers,2003
Transformers,10,tt0115108,Beast Wars: Transformers,1996
Transformers,11,tt1659175,Transformers Prime,2010
Transformers,12,tt3371366,Transformers: The Last Knight,2017
Transformers,13,tt0329938,Transformers: Armada,2002
Transformers,14,tt1055335,Transformers: Animated,2007
Transformers,15,tt2139371,Transformers: Rescue Bots,2011
Transformers,16,tt0189315,Beast Machines: Transformers,1999
Transformers,17,tt2788526,Transformers Prime Beast Hunters: Predacons Rising,2013
Transformers,18,tt3604232,Transformers: Robots in Disguise,2014
Transformers,19,tt1823262,Transformers: Fall of Cybertron,2012
Transformers,20,tt1369842,Transformers: Revenge of the Fallen,2009
Transformers,21,tt1015475,Transformers: The Game,2007
Transformers,22,tt0388650,Transformers: Energon,2004
Transformers,23,tt0472252,Transformers: Cybertron,2005
Transformers,24,tt4773366,Transformers: Devastation,2015
Transformers,25,tt0127402,Transformers: The Headmasters,1987
Transformers,26,tt1194172,Transformers: The Return of Optimus Prime,1987
Transformers,27,tt1569962,Transformers: War for Cybertron,2010
Transformers,28,tt0231050,Transformers: Robots in Disguise,2000
Transformers,29,tt3972718,Transformers: The Premake,2014
Transformers,30,tt4368386,Angry Birds Transformers,2014
Transformers,31,tt0127396,Transformers: Chôjin Master Force,1988
Transformers,32,tt1236486,Transformers: Beginnings,2007
Transformers,33,tt1853725,Transformers: Dark of the Moon,2011
Transformers,34,tt0482022,Transformers: Five Faces of Darkness,1986
Transformers,35,tt0127403,Transformers: Victory,1989
Transformers,36,tt0145639,Beast Wars II: Super Life-Form Transformers,1998
Transformers,37,tt0164767,Beast Wars II: Lio Convoy's Close Call!,1998
Transformers,38,tt0182562,Super Life-Form Transformers: Beast Wars Neo,1999
Transformers,39,tt0376622,Go-Bots,2003
Transformers,40,tt0221778,Transformers: Beast Wars Metals,1999
Transformers,41,tt0147625,Transformers: Scramble City Hatsudôhen,1986
Transformers,42,tt5831646,Transformers: Combiner Wars,2016
Transformers,43,tt0439968,Transformers: Galaxy Force,2005
Transformers,44,tt3587730,Transformers: Rise of the Dark Spark,2014
Transformers,45,tt0127916,Transformers: Zone,1990
Transformers,46,tt1570079,25 Years of Transformers,2009
Transformers,47,tt1789690,Andy Biscuits vs. Transformers,2009
Transformers,48,tt0343250,Transformers: Myclone Legend,2003
Transformers,49,tt2319146,Making of Transformers the Ride 3D,2012
Transformers,50,tt1976589,Space Transformer,1985
Transformers,51,tt3036818,Tatakae! Cho Robotto Seimeitai Toransufoma: Konboi no Nazo,1986
Transformers,52,tt3032720,The Transformers,1986
Transformers,53,tt1254976,Transformers Animated: The Game,2008
Transformers,54,tt2276043,Transformers: Autobots,2007
Transformers,55,tt1981121,Transformers: Dark of the Moon - 35mm Special,2011
Transformers,56,tt2056765,Transformers: Dark of the Moon - World Premiere Special,2011
Transformers,57,tt4963348,Transformers: Decepticons,2007
Transformers,58,tt2917816,Transformers Generation 2,1992
Transformers,59,tt3002566,Transformers: Go!,2013
Transformers,60,tt6046050,Transformers: Interstellar,2014
Transformers,61,tt6078244,Transformers Interstellar: Blitzkrieg,2015
Transformers,62,tt6072696,Transformers Interstellar: Orion Pax,2014
Transformers,63,tt2536320,Transformers Prime: The Game,2012
Transformers,64,tt2334865,Transformers Transformed,2011
Transformers,65,tt3518070,Transformers Universe,2014
Transformers,66,tt5341752,AfterBuzz TV's Transformers: Robots in Disguise After Show,2015
Transformers,67,tt6331618,American Idol: Transformers Edition,2012
Transformers,69,tt1797405,Hub Exclusive: G.I. Joe Renegades & Transformers Prime,2010
Transformers,70,tt5945854,Prelude to Transformers: Combiner Wars,2016
Transformers,71,tt1694566,The Combiner: Forming the Transformers Animated Series,2009
Transformers,72,tt5334860,The Sound of Transformers: Dark of the Moon,2011
Transformers,73,tt6417076,Transformers: Human Alliance,2014
Transformers,74,tt5565630,Transformers: Operation Mega,2015
Transformers,77,tt6651382,Transformers Australia: Grandpa Unboxing,2016
Transformers,78,tt6698914,Transformers: Autobot Alliance,2017
Transformers,79,tt6782562,Transformers Cataclysm,2016
Transformers,80,tt3816488,Transformers: How to Ride Your Dinobot,2014
Transformers,81,tt3205924,Transformers: It Never Ends,2013
Transformers,82,tt3922404,Transformers: Mystery of Convoy,2015
Transformers,83,tt3885406,Transformers Rescue Bots: Sky Forest Rescue,2014
Transformers,84,tt4962358,Transformers: Revenge of the Fallen - Autobots,2009
Transformers,85,tt4965192,Transformers: Revenge of the Fallen - Decepticons,2009
Transformers,86,tt6736490,Transformers: Rising,2014
Transformers,87,tt6795614,Transformers: Superlink,2004
Transformers,88,tt4597486,"Transformers: The Movie, The Parody",2015
Transformers,89,tt6832736,Transformers: United,2015
Transformers,90,tt6829558,Transformers: United - Deepwater,2016
Transformers,91,tt6932108,Transformers: United - Jupiter,2017
Transformers,92,tt6829926,Transformers: United - Scoop,2017
Transformers,93,tt4841692,Transformers vs. GI Joe: The Commissary,2015
Transformers,94,tt1688086,Triple Changer: From Toy to Comic to Screen - The Origin of the Transformers,2009
Transformers,95,tt4845460,World's Deadliest: Transformers,2015
Resident Evil,0,tt0120804,Resident Evil,2002
Resident Evil,1,tt0318627,Resident Evil: Apocalypse,2004
Resident Evil,2,tt0432021,Resident Evil: Extinction,2007
Resident Evil,3,tt1220634,Resident Evil: Afterlife,2010
Resident Evil,4,tt1855325,Resident Evil: Retribution,2012
Resident Evil,5,tt2592614,Resident Evil: The Final Chapter,2016
Resident Evil,6,tt0190703,Resident Evil,1996
Resident Evil,7,tt0302327,Resident Evil,2002
Resident Evil,8,tt1174954,Resident Evil: Degeneration,2008
Resident Evil,9,tt0397042,Resident Evil 4,2005
Resident Evil,10,tt0473298,Resident Evil 5,2009
Resident Evil,11,tt1753496,Resident Evil: Damnation,2012
Resident Evil,12,tt0161941,Resident Evil 2,1998
Resident Evil,13,tt0217000,Resident Evil Code: Veronica X,2000
Resident Evil,14,tt2193031,Resident Evil 6,2012
Resident Evil,15,tt0207701,Resident Evil 3: Nemesis,1999
Resident Evil,16,tt5776208,Resident Evil: Vendetta,2017
Resident Evil,17,tt0232531,Resident Evil Ø,2002
Resident Evil,18,tt3569570,Resident Evil: Biohazard,2017
Resident Evil,19,tt2121733,Resident Evil: Revelations,2012
Resident Evil,20,tt0382262,Resident Evil: Outbreak,2003
Resident Evil,21,tt1087900,Resident Evil: The Umbrella Chronicles,2007
Resident Evil,22,tt4018604,Resident Evil: Revelations 2,2015
Resident Evil,23,tt0232532,Resident Evil: Survivor,2000
Resident Evil,24,tt0472614,Resident Evil: Outbreak - File #2,2004
Resident Evil,25,tt2221781,Resident Evil: Operation Raccoon City,2012
Resident Evil,26,tt0478981,Resident Evil: Deadly Silence,2006
Resident Evil,27,tt1538367,Resident Evil: The Darkside Chronicles,2009
Resident Evil,28,tt0372172,Resident Evil: Dead Aim,2003
Resident Evil,29,tt3112262,Resident Evil 6 (Commercial),2012
Resident Evil,30,tt0431772,Game Over: 'Resident Evil' Reanimated,2004
Resident Evil,31,tt0320283,Playing Dead: 'Resident Evil' from Game to Screen,2002
Resident Evil,32,tt2124549,Resident Evil: First Hour,2011
Resident Evil,33,tt5730780,Resident Evil HD Remaster,2015
Resident Evil,34,tt2443852,Resident Evil: Red Falls,2013
Resident Evil,35,tt3331402,Resident Evil: The Nightmare of Dante,2013
Resident Evil,36,tt2181396,Resident Evil: Underground,2012
Resident Evil,37,tt0320427,Scoring Resident Evil,2002
Resident Evil,38,tt1127689,The Evolution of 'Resident Evil': Bridge to Extinction,2007
Resident Evil,39,tt2530960,Back from the Afterlife: Making 'Resident Evil: Retribution',2012
Resident Evil,40,tt1169806,Beyond Raccoon City: Unearthing 'Resident Evil: Extinction',2008
Resident Evil,41,tt0457289,Resident Evil Gaiden,2001
Resident Evil,42,tt0343646,Evil Resident,2002
Resident Evil,43,tt3381024,Resident Evil: Survivor 2 - Code Veronica,2001
Resident Evil,44,tt1849058,Resident Evil 1.5: Fan Trailer,2010
Resident Evil,45,tt1156328,Resident Evil: Apocalypse - Stuntman Set Tour,2007
Resident Evil,46,tt2419794,Resident Evil Damnation: Las Plagas - Organisms of War,2012
Resident Evil,47,tt2451764,Resident Evil Damnation: The DNA of Damnation,2012
Resident Evil,48,tt1127711,Resident Evil: Diary of an Apocalypse,2007
Resident Evil,49,tt2465352,Resident Evil: Down with the Sickness,2012
Resident Evil,50,tt2669824,Resident Evil: Hunted,2010
Resident Evil,51,tt2321485,Resident Evil: Operation Raccoon City - Live Action Fan Trailer,2012
Resident Evil,52,tt2492402,Resident Evil: Resurrection,2012
Resident Evil,53,tt2597042,Resident Evil: Retribution - Face of the Fan,2012
Resident Evil,54,tt4536856,Resident Evil Revelations 2,2015
Resident Evil,55,tt2649674,Resident Evil: The Mercenaries 3D,2011
Resident Evil,56,tt5438094,Resident Evil: Umbrella Corps,2016
Resident Evil,57,tt3315328,Resident Evil: Vengeance,2013
Resident Evil,58,tt2738928,Resident Evil: Welcome to Raccoon City,2013
Resident Evil,59,tt1627094,Resident Evil: Wesker's Report,2001
Resident Evil,60,tt1817285,Undead Evolution: Making 'Resident Evil: Afterlife',2011
Resident Evil,61,tt2283876,Resident Evil: Fan Memories,2011
Resident Evil,62,tt4380944,Resident Evil: Keeper's Diary,2014
Resident Evil,63,tt6675012,Resident Evil: NuGenix Archives,2015
Resident Evil,64,tt3675248,Resident Evil Retribution Trailer,2012
Resident Evil,65,tt4582354,Resident Evil Salvation,2014
Resident Evil,66,tt6923434,Resident Evil the Final Chapter: Explore the Hive,2017
Resident Evil,67,tt6923404,Resident Evil the Final Chapter: Maximum Carnage,2017
Resident Evil,68,tt6865664,Resident Evil: The Final Chapter Retaliation Mode,2017
Resident Evil,69,tt6923388,Resident Evil the Final Chapter: Stunts and Weaponry,2017
Resident Evil,70,tt6898582,The Bad Ass Trinity and Women of Resident Evil,2017
Child's Play,0,tt0094862,Child's Play,1988
Child's Play,1,tt0144120,Bride of Chucky,1998
Child's Play,2,tt0387575,Seed of Chucky,2004
Child's Play,3,tt0099253,Child's Play 2,1990
Child's Play,4,tt0103956,Child's Play 3,1991
Child's Play,6,tt0104615,Child's Play,1992
Child's Play,7,tt0295902,Child's Play,1980
Child's Play,8,tt1876521,Child's Play,2011
Child's Play,9,tt0425851,Child's Play,1996
Child's Play,10,tt5203760,Childs Play,2015
Child's Play,12,tt0198087,Child's Play,1982
Child's Play,13,tt1211977,Child's Play,1984
Child's Play,14,tt0289113,Child's Play,1995
Child's Play,15,tt4425390,Child's Play,2015
Child's Play,16,tt0304246,Child's Play,2002
Child's Play,17,tt0816460,Childs Play,2003
Child's Play,18,tt4483034,Child's Play,2004
Child's Play,19,tt1617240,Child's Play,2007
Child's Play,20,tt5607080,Childs Play,2009
Child's Play,21,tt3517482,Child's Play,2010
Child's Play,22,tt1617051,Child's Play,2010
Child's Play,23,tt1972623,Child's Play,2011
Child's Play,24,tt2008480,Childs Play,2011
Child's Play,25,tt4509028,Childs Play,2012
Child's Play,26,tt2281153,Child's Play,2012
Child's Play,27,tt2317512,Child's Play,2012
Child's Play,28,tt2466490,Child's Play,2012
Child's Play,29,tt2675500,Child's Play,2012
Child's Play,30,tt2699254,Child's Play,2012
Child's Play,31,tt2404551,Child's Play,2013
Child's Play,32,tt4135834,Child's Play,2014
Child's Play,33,tt5198760,Child's Play,2015
Child's Play,34,tt5586242,Child's Play,2016
Child's Play,37,tt4108044,Gyerekjáték,2011
Child's Play,38,tt2631934,Child's Play,2012
Child's Play,39,tt2230358,Curse of Chucky,2013
Child's Play,40,tt0075462,Who Can Kill a Child?,1976
Child's Play,41,tt3280262,Cult of Chucky,2017
Child's Play,42,tt1839387,A Child's Play Story: Chucky's Revenge,2006
Child's Play,43,tt0441331,A Child's Play,1995
Child's Play,44,tt1841482,A Child's Play Story II: Father Son Fury,2006
Child's Play,45,tt0448191,Mentovskie voyny. Nedetskie igry,2005
Child's Play,46,tt6281614,Child's Play: A Monster Convention,2007
Child's Play,47,tt6280006,Child's Play: Behind the Scenes Special Effects Footage,2016
Child's Play,48,tt0465938,Child's play - kinderspel,1992
Child's Play,49,tt3367680,Doritos: Child's Play - Crash the Superbowl Entry,2013
Child's Play,50,tt6135060,Guns in the USA: Child's Play?,2016
Child's Play,51,tt6281916,Introducing Chucky: The Making of Child's Play,1988
Child's Play,52,tt0482134,Cooking? Child's Play!,2005
Child's Play,53,tt5132182,Planners: Child's Play,2015
